n,mean_difference,sd_difference,se_difference,ci95_low,ci95_high,dz,t,df,p_ttest,condition_id,condition_label,baseline_id,item,item_label,baseline_mean,condition_mean,sample,contrast
49,-1.734694,2.270972,0.324425,-2.386993,-1.082395,-0.763855,-5.346987,48,0.000002,C02,Body,C01,j_identity,Identity,5.142857,3.408163,attention_pass,Body
49,-3.020408,2.126125,0.303732,-3.631103,-2.409714,-1.420616,-9.944314,48,0.000000,C02,Body,C01,j_likeness,Likeness,6.346939,3.326531,attention_pass,Body
49,-1.653061,2.005732,0.286533,-2.229175,-1.076948,-0.824169,-5.769181,48,0.000001,C02,Body,C01,j_relationship,Relationship,5.938776,4.285714,attention_pass,Body
49,-1.489796,2.062790,0.294684,-2.082298,-0.897293,-0.722224,-5.055567,48,0.000007,C02,Body,C01,j_obligation,Obligation,5.714286,4.224490,attention_pass,Body
49,-1.673469,2.375112,0.339302,-2.355681,-0.991258,-0.704585,-4.932098,48,0.000010,C02,Body,C01,j_treatment,Treatment,5.632653,3.959184,attention_pass,Body
49,-2.163265,2.383511,0.340502,-2.847889,-1.478641,-0.907596,-6.353174,48,0.000000,C03,Memory,C01,j_identity,Identity,5.142857,2.979592,attention_pass,Memory
49,-1.897959,1.794028,0.256290,-2.413264,-1.382654,-1.057932,-7.405521,48,0.000000,C03,Memory,C01,j_likeness,Likeness,6.346939,4.448980,attention_pass,Memory
49,-3.061224,2.014615,0.287802,-3.639889,-2.482560,-1.519508,-10.636559,48,0.000000,C03,Memory,C01,j_relationship,Relationship,5.938776,2.877551,attention_pass,Memory
49,-3.061224,1.972817,0.281831,-3.627884,-2.494565,-1.551702,-10.861916,48,0.000000,C03,Memory,C01,j_obligation,Obligation,5.714286,2.653061,attention_pass,Memory
49,-2.204082,2.198291,0.314042,-2.835505,-1.572659,-1.002634,-7.018439,48,0.000000,C03,Memory,C01,j_treatment,Treatment,5.632653,3.428571,attention_pass,Memory
49,-0.591837,2.474186,0.353455,-1.302506,0.118833,-0.239205,-1.674432,48,0.100550,C04,Function,C01,j_identity,Identity,5.142857,4.551020,attention_pass,Function
49,-1.020408,1.506787,0.215255,-1.453208,-0.587608,-0.677208,-4.740455,48,0.000019,C04,Function,C01,j_likeness,Likeness,6.346939,5.326531,attention_pass,Function
49,-0.530612,1.515229,0.216461,-0.965837,-0.095388,-0.350186,-2.451304,48,0.017926,C04,Function,C01,j_relationship,Relationship,5.938776,5.408163,attention_pass,Function
49,-0.591837,1.526411,0.218059,-1.030273,-0.153400,-0.387731,-2.714116,48,0.009203,C04,Function,C01,j_obligation,Obligation,5.714286,5.122449,attention_pass,Function
49,-0.387755,1.912855,0.273265,-0.937191,0.161681,-0.202710,-1.418971,48,0.162369,C04,Function,C01,j_treatment,Treatment,5.632653,5.244898,attention_pass,Function
49,-0.040816,2.198098,0.314014,-0.672184,0.590551,-0.018569,-0.129983,48,0.897123,C05,Self-ID uncertain,C01,j_identity,Identity,5.142857,5.102041,attention_pass,Self-ID uncertain
49,-0.551020,1.568721,0.224103,-1.001610,-0.100431,-0.351255,-2.458783,48,0.017598,C05,Self-ID uncertain,C01,j_likeness,Likeness,6.346939,5.795918,attention_pass,Self-ID uncertain
49,-0.877551,1.866733,0.266676,-1.413739,-0.341363,-0.470100,-3.290699,48,0.001878,C05,Self-ID uncertain,C01,j_relationship,Relationship,5.938776,5.061224,attention_pass,Self-ID uncertain
49,-0.938776,2.095712,0.299387,-1.540734,-0.336817,-0.447951,-3.135655,48,0.002925,C05,Self-ID uncertain,C01,j_obligation,Obligation,5.714286,4.775510,attention_pass,Self-ID uncertain
49,-0.530612,2.525718,0.360817,-1.256083,0.194859,-0.210084,-1.470586,48,0.147928,C05,Self-ID uncertain,C01,j_treatment,Treatment,5.632653,5.102041,attention_pass,Self-ID uncertain
49,-0.326531,1.830161,0.261452,-0.852214,0.199153,-0.178416,-1.248914,48,0.217753,C06,Transition,C01,j_identity,Identity,5.142857,4.816327,attention_pass,Transition
49,-0.326531,1.125236,0.160748,-0.649736,-0.003325,-0.290189,-2.031320,48,0.047780,C06,Transition,C01,j_likeness,Likeness,6.346939,6.020408,attention_pass,Transition
49,-0.428571,1.695582,0.242226,-0.915600,0.058457,-0.252758,-1.769303,48,0.083196,C06,Transition,C01,j_relationship,Relationship,5.938776,5.510204,attention_pass,Transition
49,-0.306122,1.722451,0.246064,-0.800868,0.188623,-0.177725,-1.244075,48,0.219513,C06,Transition,C01,j_obligation,Obligation,5.714286,5.408163,attention_pass,Transition
49,-0.122449,1.855540,0.265077,-0.655422,0.410524,-0.065991,-0.461937,48,0.646213,C06,Transition,C01,j_treatment,Treatment,5.632653,5.510204,attention_pass,Transition
49,-0.632653,2.324631,0.332090,-1.300365,0.035059,-0.272152,-1.905064,48,0.062772,A09,Self-denial anchor,C01,j_identity,Identity,5.142857,4.510204,attention_pass,Self-denial anchor
49,-0.795918,1.593994,0.227713,-1.253767,-0.338070,-0.499323,-3.495264,48,0.001030,A09,Self-denial anchor,C01,j_likeness,Likeness,6.346939,5.551020,attention_pass,Self-denial anchor
49,-1.326531,1.940659,0.277237,-1.883953,-0.769108,-0.683547,-4.784826,48,0.000017,A09,Self-denial anchor,C01,j_relationship,Relationship,5.938776,4.612245,attention_pass,Self-denial anchor
49,-1.551020,2.170457,0.310065,-2.174448,-0.927592,-0.714605,-5.002238,48,0.000008,A09,Self-denial anchor,C01,j_obligation,Obligation,5.714286,4.163265,attention_pass,Self-denial anchor
49,-1.428571,2.541325,0.363046,-2.158525,-0.698618,-0.562136,-3.934955,48,0.000268,A09,Self-denial anchor,C01,j_treatment,Treatment,5.632653,4.204082,attention_pass,Self-denial anchor
51,-1.607843,2.333053,0.326693,-2.264025,-0.951661,-0.689158,-4.921575,50,0.000010,C02,Body,C01,j_identity,Identity,5.117647,3.509804,all_judgment,Body
51,-2.843137,2.283616,0.319770,-3.485415,-2.200860,-1.245015,-8.891189,50,0.000000,C02,Body,C01,j_likeness,Likeness,6.274510,3.431373,all_judgment,Body
51,-1.529412,2.081854,0.291518,-2.114943,-0.943881,-0.734639,-5.246373,50,0.000003,C02,Body,C01,j_relationship,Relationship,5.862745,4.333333,all_judgment,Body
51,-1.372549,2.217754,0.310548,-1.996302,-0.748796,-0.618892,-4.419770,50,0.000053,C02,Body,C01,j_obligation,Obligation,5.647059,4.274510,all_judgment,Body
51,-1.568627,2.418718,0.338688,-2.248903,-0.888352,-0.648537,-4.631479,50,0.000026,C02,Body,C01,j_treatment,Treatment,5.607843,4.039216,all_judgment,Body
51,-2.000000,2.505993,0.350909,-2.704822,-1.295178,-0.798087,-5.699480,50,0.000001,C03,Memory,C01,j_identity,Identity,5.117647,3.117647,all_judgment,Memory
51,-1.764706,1.882426,0.263592,-2.294147,-1.235265,-0.937463,-6.694828,50,0.000000,C03,Memory,C01,j_likeness,Likeness,6.274510,4.509804,all_judgment,Memory
51,-2.862745,2.245169,0.314387,-3.494209,-2.231281,-1.275069,-9.105813,50,0.000000,C03,Memory,C01,j_relationship,Relationship,5.862745,3.000000,all_judgment,Memory
51,-2.882353,2.187666,0.306335,-3.497644,-2.267062,-1.317547,-9.409168,50,0.000000,C03,Memory,C01,j_obligation,Obligation,5.647059,2.764706,all_judgment,Memory
51,-2.098039,2.325983,0.325703,-2.752232,-1.443846,-0.902001,-6.441577,50,0.000000,C03,Memory,C01,j_treatment,Treatment,5.607843,3.509804,all_judgment,Memory
51,-0.568627,2.435199,0.340996,-1.253538,0.116283,-0.233503,-1.667548,50,0.101658,C04,Function,C01,j_identity,Identity,5.117647,4.549020,all_judgment,Function
51,-0.980392,1.503199,0.210490,-1.403174,-0.557611,-0.652204,-4.657666,50,0.000024,C04,Function,C01,j_likeness,Likeness,6.274510,5.294118,all_judgment,Function
51,-0.470588,1.527782,0.213932,-0.900284,-0.040893,-0.308021,-2.199707,50,0.032478,C04,Function,C01,j_relationship,Relationship,5.862745,5.392157,all_judgment,Function
51,-0.549020,1.540308,0.215686,-0.982238,-0.115801,-0.356435,-2.545455,50,0.014044,C04,Function,C01,j_obligation,Obligation,5.647059,5.098039,all_judgment,Function
51,-0.392157,1.877002,0.262833,-0.920072,0.135759,-0.208927,-1.492039,50,0.141972,C04,Function,C01,j_treatment,Treatment,5.607843,5.215686,all_judgment,Function
51,-0.019608,2.177064,0.304850,-0.631917,0.592701,-0.009007,-0.064320,50,0.948972,C05,Self-ID uncertain,C01,j_identity,Identity,5.117647,5.098039,all_judgment,Self-ID uncertain
51,-0.470588,1.591891,0.222909,-0.918315,-0.022862,-0.295616,-2.111119,50,0.039784,C05,Self-ID uncertain,C01,j_likeness,Likeness,6.274510,5.803922,all_judgment,Self-ID uncertain
51,-0.764706,1.924456,0.269478,-1.305968,-0.223444,-0.397362,-2.837734,50,0.006548,C05,Self-ID uncertain,C01,j_relationship,Relationship,5.862745,5.098039,all_judgment,Self-ID uncertain
51,-0.862745,2.126214,0.297729,-1.460752,-0.264738,-0.405766,-2.897749,50,0.005566,C05,Self-ID uncertain,C01,j_obligation,Obligation,5.647059,4.784314,all_judgment,Self-ID uncertain
51,-0.509804,2.548510,0.356863,-1.226584,0.206976,-0.200040,-1.428571,50,0.159345,C05,Self-ID uncertain,C01,j_treatment,Treatment,5.607843,5.098039,all_judgment,Self-ID uncertain
51,-0.274510,1.855569,0.259832,-0.796397,0.247377,-0.147938,-1.056491,50,0.295822,C06,Transition,C01,j_identity,Identity,5.117647,4.843137,all_judgment,Transition
51,-0.313725,1.122323,0.157157,-0.629384,0.001933,-0.279532,-1.996261,50,0.051366,C06,Transition,C01,j_likeness,Likeness,6.274510,5.960784,all_judgment,Transition
51,-0.352941,1.775652,0.248641,-0.852351,0.146469,-0.198767,-1.419481,50,0.161964,C06,Transition,C01,j_relationship,Relationship,5.862745,5.509804,all_judgment,Transition
51,-0.235294,1.795419,0.251409,-0.740264,0.269676,-0.131052,-0.935902,50,0.353822,C06,Transition,C01,j_obligation,Obligation,5.647059,5.411765,all_judgment,Transition
51,-0.098039,1.951972,0.273331,-0.647040,0.450962,-0.050226,-0.358683,50,0.721342,C06,Transition,C01,j_treatment,Treatment,5.607843,5.509804,all_judgment,Transition
51,-0.647059,2.278803,0.319096,-1.287982,-0.006135,-0.283947,-2.027786,50,0.047928,A09,Self-denial anchor,C01,j_identity,Identity,5.117647,4.470588,all_judgment,Self-denial anchor
51,-0.784314,1.566062,0.219292,-1.224776,-0.343852,-0.500819,-3.576564,50,0.000784,A09,Self-denial anchor,C01,j_likeness,Likeness,6.274510,5.490196,all_judgment,Self-denial anchor
51,-1.313725,1.902527,0.266407,-1.848820,-0.778631,-0.690516,-4.931272,50,0.000009,A09,Self-denial anchor,C01,j_relationship,Relationship,5.862745,4.549020,all_judgment,Self-denial anchor
51,-1.568627,2.137802,0.299352,-2.169894,-0.967361,-0.733757,-5.240075,50,0.000003,A09,Self-denial anchor,C01,j_obligation,Obligation,5.647059,4.078431,all_judgment,Self-denial anchor
51,-1.450980,2.500510,0.350141,-2.154260,-0.747701,-0.580274,-4.143984,50,0.000132,A09,Self-denial anchor,C01,j_treatment,Treatment,5.607843,4.156863,all_judgment,Self-denial anchor
