n,mean_difference,sd_difference,se_difference,ci95_low,ci95_high,dz,t,df,p_ttest,condition_id,condition_label,baseline_id,item,item_label,baseline_mean,condition_mean,contrast,target_item,is_target,p_fdr_all_30
50,-5.360000,1.848993,0.261487,-5.885478,-4.834522,-2.898875,-20.498142,49,0.000000,C02,Body,C01,pc_sub,Body continuity,6.700000,1.340000,Body,pc_sub,True,0.000000
50,-0.060000,0.239898,0.033927,-0.128178,0.008178,-0.250106,-1.768519,49,0.083199,C02,Body,C01,pc_info,Memory continuity,6.840000,6.780000,Body,pc_sub,False,0.155587
50,-0.760000,1.393278,0.197039,-1.155965,-0.364035,-0.545476,-3.857098,49,0.000335,C02,Body,C01,pc_func,Functional continuity,6.780000,6.020000,Body,pc_sub,False,0.001436
50,-0.620000,1.839365,0.260126,-1.142742,-0.097258,-0.337073,-2.383464,49,0.021070,C02,Body,C01,pc_self,Self-continuity,6.380000,5.760000,Body,pc_sub,False,0.052676
50,0.000000,2.118914,0.299660,-0.602189,0.602189,0.000000,0.000000,49,1.000000,C02,Body,C01,pc_tran,Transition continuity,5.500000,5.500000,Body,pc_sub,False,1.000000
50,-0.220000,1.035887,0.146496,-0.514396,0.074396,-0.212378,-1.501742,49,0.139581,C03,Memory,C01,pc_sub,Body continuity,6.700000,6.480000,Memory,pc_info,False,0.232635
50,-5.280000,1.773271,0.250778,-5.783958,-4.776042,-2.977548,-21.054447,49,0.000000,C03,Memory,C01,pc_info,Memory continuity,6.840000,1.560000,Memory,pc_info,True,0.000000
50,-0.620000,1.537159,0.217387,-1.056856,-0.183144,-0.403342,-2.852055,49,0.006343,C03,Memory,C01,pc_func,Functional continuity,6.780000,6.160000,Memory,pc_info,False,0.019029
50,-0.740000,1.782111,0.252029,-1.246470,-0.233530,-0.415238,-2.936176,49,0.005049,C03,Memory,C01,pc_self,Self-continuity,6.380000,5.640000,Memory,pc_info,False,0.016829
50,-0.260000,2.328265,0.329266,-0.921685,0.401685,-0.111671,-0.789634,49,0.433546,C03,Memory,C01,pc_tran,Transition continuity,5.500000,5.240000,Memory,pc_info,False,0.565495
50,-0.120000,0.328261,0.046423,-0.213291,-0.026709,-0.365563,-2.584921,49,0.012768,C04,Function,C01,pc_sub,Body continuity,6.700000,6.580000,Function,pc_func,False,0.034823
50,-0.340000,1.080627,0.152824,-0.647111,-0.032889,-0.314632,-2.224785,49,0.030732,C04,Function,C01,pc_info,Memory continuity,6.840000,6.500000,Function,pc_func,False,0.066758
50,-4.960000,1.603058,0.226707,-5.415584,-4.504416,-3.094086,-21.878491,49,0.000000,C04,Function,C01,pc_func,Functional continuity,6.780000,1.820000,Function,pc_func,True,0.000000
50,-0.980000,1.994789,0.282106,-1.546913,-0.413087,-0.491280,-3.473874,49,0.001083,C04,Function,C01,pc_self,Self-continuity,6.380000,5.400000,Function,pc_func,False,0.004060
50,0.020000,2.045303,0.289250,-0.561269,0.601269,0.009779,0.069144,49,0.945156,C04,Function,C01,pc_tran,Transition continuity,5.500000,5.520000,Function,pc_func,False,0.977748
50,-0.060000,0.424264,0.060000,-0.180575,0.060575,-0.141421,-1.000000,49,0.322223,C05,Self-ID uncertain,C01,pc_sub,Body continuity,6.700000,6.640000,Self-ID uncertain,pc_self,False,0.460319
50,-0.380000,1.227076,0.173535,-0.728731,-0.031269,-0.309679,-2.189764,49,0.033332,C05,Self-ID uncertain,C01,pc_info,Memory continuity,6.840000,6.460000,Self-ID uncertain,pc_self,False,0.066758
50,-0.140000,0.452205,0.063952,-0.268515,-0.011485,-0.309594,-2.189159,49,0.033379,C05,Self-ID uncertain,C01,pc_func,Functional continuity,6.780000,6.640000,Self-ID uncertain,pc_self,False,0.066758
50,-3.500000,2.168889,0.306727,-4.116392,-2.883608,-1.613729,-11.410788,49,0.000000,C05,Self-ID uncertain,C01,pc_self,Self-continuity,6.380000,2.880000,Self-ID uncertain,pc_self,True,0.000000
50,-0.180000,2.387809,0.337687,-0.858608,0.498608,-0.075383,-0.533038,49,0.596417,C05,Self-ID uncertain,C01,pc_tran,Transition continuity,5.500000,5.320000,Self-ID uncertain,pc_self,False,0.688173
50,0.020000,0.246610,0.034876,-0.050086,0.090086,0.081100,0.573462,49,0.568954,C06,Transition,C01,pc_sub,Body continuity,6.700000,6.720000,Transition,pc_tran,False,0.682745
50,-0.160000,0.650275,0.091963,-0.344806,0.024806,-0.246050,-1.739835,49,0.088166,C06,Transition,C01,pc_info,Memory continuity,6.840000,6.680000,Transition,pc_tran,False,0.155587
50,-0.020000,0.246610,0.034876,-0.090086,0.050086,-0.081100,-0.573462,49,0.568954,C06,Transition,C01,pc_func,Functional continuity,6.780000,6.760000,Transition,pc_tran,False,0.682745
50,0.060000,1.167764,0.165147,-0.271875,0.391875,0.051380,0.363313,49,0.717934,C06,Transition,C01,pc_self,Self-continuity,6.380000,6.440000,Transition,pc_tran,False,0.797704
50,-2.420000,3.452831,0.488304,-3.401284,-1.438716,-0.700874,-4.955929,49,0.000009,C06,Transition,C01,pc_tran,Transition continuity,5.500000,3.080000,Transition,pc_tran,True,0.000045
50,0.080000,0.600680,0.084949,-0.090711,0.250711,0.133182,0.941742,49,0.350945,A09,Self-denial anchor,C01,pc_sub,Body continuity,6.700000,6.780000,Self-denial anchor,pc_self,False,0.478561
50,-0.120000,0.627271,0.088710,-0.298269,0.058269,-0.191305,-1.352729,49,0.182352,A09,Self-denial anchor,C01,pc_info,Memory continuity,6.840000,6.720000,Self-denial anchor,pc_self,False,0.273527
50,-0.120000,0.627271,0.088710,-0.298269,0.058269,-0.191305,-1.352729,49,0.182352,A09,Self-denial anchor,C01,pc_func,Functional continuity,6.780000,6.660000,Self-denial anchor,pc_self,False,0.273527
50,-3.540000,2.628028,0.371659,-4.286877,-2.793123,-1.347018,-9.524853,49,0.000000,A09,Self-denial anchor,C01,pc_self,Self-continuity,6.380000,2.840000,Self-denial anchor,pc_self,True,0.000000
50,0.080000,1.827678,0.258473,-0.439420,0.599420,0.043771,0.309510,49,0.758246,A09,Self-denial anchor,C01,pc_tran,Transition continuity,5.500000,5.580000,Self-denial anchor,pc_self,False,0.812406
